AHATS,2020-09-28 05:00:08.000,2020-09-28 05:00:24.000,2020-09-28 05:08:05.000,
AHATS,2020-09-29 05:00:06.000,2020-09-29 05:00:25.000,2020-09-29 05:08:09.000,
AHATS,2020-09-30 05:00:06.000,2020-09-30 05:00:19.000,2020-09-30 05:00:41.000,
AHATS,2020-09-30 08:15:24.000,2020-09-30 08:15:26.000,2020-09-30 08:18:22.000,
AHATS,2020-10-01 05:00:07.000,2020-10-01 05:00:12.000,2020-10-01 05:10:26.000,
AHATS,2020-10-02 05:00:09.000,2020-10-02 05:00:29.000,2020-10-02 05:08:52.000,
AHATS,2020-10-03 05:17:26.000,2020-10-03 05:17:33.000,2020-10-03 05:39:06.000,
Appointment Booking System,2020-09-28 04:00:07.000,2020-09-28 04:00:26.000,2020-09-28 05:21:07.000,
Appointment Booking System,2020-09-29 04:00:07.000,2020-09-29 04:00:28.000,2020-09-29 05:25:54.000,
Appointment Booking System,2020-09-30 04:00:08.000,2020-09-30 04:00:29.000,2020-09-30 05:32:31.000,
Appointment Booking System,2020-10-01 04:00:07.000,2020-10-01 04:00:23.000,2020-10-01 05:25:48.000,
Appointment Booking System,2020-10-02 04:00:06.000,2020-10-02 04:00:33.000,2020-10-02 05:26:42.000,
Appointment Booking System,2020-10-03 04:35:26.000,2020-10-03 04:35:39.000,2020-10-03 07:11:41.000,
AssetCondition,2020-09-28 07:50:23.000,2020-09-28 07:50:25.000,2020-09-28 09:07:51.000,
CHCR,2020-09-28 03:00:08.000,2020-09-28 03:01:11.000,2020-09-28 04:18:49.000,
CHCR,2020-09-29 03:00:07.000,2020-09-29 03:01:03.000,2020-09-29 04:27:55.000,
CHCR,2020-09-30 03:00:07.000,2020-09-30 03:00:53.000,2020-09-30 04:32:05.000,
CHCR,2020-10-01 03:00:09.000,2020-10-01 03:00:33.000,2020-10-01 04:27:15.000,
CHCR,2020-10-02 03:00:08.000,2020-10-02 03:00:34.000,2020-10-02 04:28:39.000,
CHCR,2020-10-03 03:00:09.000,2020-10-03 03:00:46.000,2020-10-03 05:05:12.000,
Dashboards,2020-09-28 05:30:08.000,2020-09-28 05:30:09.000,2020-09-28 05:32:32.000,
Dashboards,2020-09-29 05:30:11.000,2020-09-29 05:30:12.000,2020-09-29 05:32:40.000,
Dashboards,2020-09-30 05:30:07.000,2020-09-30 05:30:08.000,2020-09-30 05:37:54.000,
Dashboards,2020-10-01 05:30:10.000,2020-10-01 05:30:14.000,2020-10-01 05:38:12.000,2
Dashboards,2020-10-02 05:30:08.000,2020-10-02 05:30:13.000,2020-10-02 05:35:07.000,
Dashboards,2020-10-03 05:30:09.000,2020-10-03 05:30:11.000,2020-10-03 05:43:52.000,
ECIS,2020-09-28 03:30:09.000,2020-09-28 03:30:55.000,2020-09-28 05:31:08.000,
ECIS,2020-09-29 03:30:07.000,2020-09-29 03:30:50.000,2020-09-29 05:43:10.000,
ECIS,2020-09-30 03:30:12.000,2020-09-30 03:30:59.000,2020-09-30 05:45:47.000,
ECIS,2020-10-01 03:30:07.000,2020-10-01 03:30:45.000,2020-10-01 05:40:18.000,
ECIS,2020-10-02 03:30:09.000,2020-10-02 03:30:33.000,2020-10-02 05:34:50.000,
ECIS,2020-10-03 03:30:10.000,2020-10-03 03:30:43.000,2020-10-03 07:10:30.000,
GIS,2020-09-28 06:15:02.000,2020-09-28 06:15:04.000,2020-09-28 06:29:31.000,
GIS,2020-09-29 06:15:02.000,2020-09-29 06:15:03.000,2020-09-29 06:29:27.000,
GIS,2020-09-30 06:15:02.000,2020-09-30 06:15:04.000,2020-09-30 06:29:35.000,
GIS,2020-10-01 06:15:03.000,2020-10-01 06:15:04.000,2020-10-01 06:29:20.000,
GIS,2020-10-02 06:15:03.000,2020-10-02 06:15:05.000,2020-10-02 06:29:14.000,
GIS,2020-10-03 06:15:03.000,2020-10-03 06:15:04.000,2020-10-03 06:29:39.000,
Global,2020-09-30 09:02:33.000,2020-09-30 09:02:34.000,2020-09-30 09:28:10.000,
Global,2020-10-02 19:00:07.000,2020-10-02 19:00:10.000,2020-10-02 19:10:40.000,1
Homeless2Home,2020-09-28 00:15:08.000,2020-09-28 00:16:12.000,2020-09-28 00:31:38.000,
Homeless2Home,2020-09-29 00:15:11.000,2020-09-29 00:15:41.000,2020-09-29 00:24:35.000,
Homeless2Home,2020-09-30 00:15:08.000,2020-09-30 00:15:17.000,2020-09-30 00:24:21.000,
Homeless2Home,2020-10-01 00:15:07.000,2020-10-01 00:15:16.000,2020-10-01 00:24:58.000,
Homeless2Home,2020-10-02 00:15:09.000,2020-10-02 00:15:19.000,2020-10-02 00:25:06.000,
Homeless2Home,2020-10-03 00:15:08.000,2020-10-03 00:15:18.000,2020-10-03 09:19:15.000,
Masterpiece,2020-09-28 01:00:08.000,2020-09-28 01:00:11.000,2020-09-28 01:00:24.000,
Masterpiece,2020-09-29 01:00:09.000,2020-09-29 01:00:11.000,2020-09-29 01:00:27.000,
Masterpiece,2020-09-30 01:00:08.000,2020-09-30 01:00:09.000,2020-09-30 01:00:22.000,
Masterpiece,2020-10-01 01:00:10.000,2020-10-01 01:00:12.000,2020-10-01 01:00:27.000,
Masterpiece,2020-10-02 01:00:08.000,2020-10-02 01:00:09.000,2020-10-02 01:00:22.000,
Masterpiece,2020-10-03 01:00:07.000,2020-10-03 01:00:27.000,2020-10-03 01:00:58.000,
MICA,2020-09-28 02:00:08.000,2020-09-28 02:00:23.000,2020-09-28 03:26:36.000,
MICA,2020-09-29 02:00:07.000,2020-09-29 02:00:18.000,2020-09-29 03:28:49.000,
MICA,2020-09-30 02:00:08.000,2020-09-30 02:00:21.000,2020-09-30 03:22:45.000,
MICA,2020-10-01 02:00:08.000,2020-10-01 02:00:19.000,2020-10-01 03:25:45.000,
MICA,2020-10-02 02:00:08.000,2020-10-02 02:00:16.000,2020-10-02 03:29:33.000,
MICA,2020-10-03 02:00:07.000,2020-10-03 02:00:21.000,2020-10-03 03:19:35.000,
PAWS,2020-09-28 05:00:08.000,2020-09-28 05:01:03.000,2020-09-28 05:22:31.000,
PAWS,2020-09-29 05:00:07.000,2020-09-29 05:00:57.000,2020-09-29 05:24:33.000,
PAWS,2020-09-30 05:00:07.000,2020-09-30 05:01:03.000,2020-09-30 05:26:51.000,
PAWS,2020-10-01 05:00:07.000,2020-10-01 05:00:36.000,2020-10-01 05:24:19.000,
PAWS,2020-10-02 05:00:10.000,2020-10-02 05:00:36.000,2020-10-02 05:24:25.000,
PAWS,2020-10-03 05:14:01.000,2020-10-03 05:14:18.000,2020-10-03 06:02:59.000,
PR Connect,2020-09-28 01:00:08.000,2020-09-28 01:00:09.000,2020-09-28 04:04:08.000,
PR Connect,2020-09-29 01:00:09.000,2020-09-29 01:00:10.000,2020-09-29 04:14:47.000,
PR Connect,2020-09-30 01:00:08.000,2020-09-30 01:00:09.000,2020-09-30 04:25:03.000,
PR Connect,2020-10-01 01:00:10.000,2020-10-01 01:00:11.000,2020-10-01 04:17:01.000,
PR Connect,2020-10-02 01:00:08.000,2020-10-02 01:00:09.000,2020-10-02 04:18:02.000,
PR Connect,2020-10-03 01:00:07.000,2020-10-03 01:00:08.000,2020-10-03 05:37:42.000,
PR Connect History,2020-10-03 01:00:08.000,2020-10-03 01:00:09.000,2020-10-03 05:35:40.000,
QMaster,2020-09-28 01:30:03.000,2020-09-28 01:30:08.000,2020-09-28 03:55:35.000,
QMaster,2020-09-29 01:30:02.000,2020-09-29 01:30:06.000,2020-09-29 03:59:08.000,
QMaster,2020-09-30 01:30:10.000,2020-09-30 01:30:15.000,2020-09-30 04:04:52.000,
QMaster,2020-10-01 01:30:02.000,2020-10-01 01:30:05.000,2020-10-01 03:59:40.000,
QMaster,2020-10-02 01:30:02.000,2020-10-02 01:30:06.000,2020-10-02 03:58:55.000,
QMaster,2020-10-03 01:30:03.000,2020-10-03 01:30:10.000,2020-10-03 05:17:22.000,
rpt_debt_015,2020-09-28 01:00:08.000,2020-09-28 01:00:12.000,2020-09-28 01:23:32.000,
RPT_MNT_013,2020-09-28 05:30:08.000,2020-09-28 05:30:14.000,2020-09-28 05:40:03.000,
rpt_prop_007,2020-09-28 05:00:08.000,2020-09-28 05:00:15.000,2020-09-28 05:05:10.000,
rpt_prop_007,2020-09-29 05:00:06.000,2020-09-29 05:00:14.000,2020-09-29 05:05:06.000,
rpt_prop_007,2020-09-30 05:00:07.000,2020-09-30 05:00:14.000,2020-09-30 05:04:57.000,
rpt_prop_007,2020-10-01 05:00:07.000,2020-10-01 05:00:10.000,2020-10-01 05:05:12.000,
rpt_prop_007,2020-10-02 05:00:08.000,2020-10-02 05:00:26.000,2020-10-02 05:05:09.000,
rpt_prop_007,2020-10-03 05:05:57.000,2020-10-03 05:06:03.000,2020-10-03 05:14:01.000,
SACHA,2020-09-28 04:00:07.000,2020-09-28 04:00:46.000,2020-09-28 04:23:15.000,
SACHA,2020-09-29 04:00:07.000,2020-09-29 04:00:56.000,2020-09-29 04:31:33.000,
SACHA,2020-09-30 04:00:08.000,2020-09-30 04:00:52.000,2020-09-30 04:35:50.000,
SACHA,2020-10-01 04:00:08.000,2020-10-01 04:00:28.000,2020-10-01 04:32:41.000,
SACHA,2020-10-02 04:00:06.000,2020-10-02 04:00:30.000,2020-10-02 04:32:38.000,
SACHA,2020-10-03 04:06:36.000,2020-10-03 04:07:37.000,2020-10-03 05:06:08.000,
StreetConnect,2020-09-28 06:00:10.000,2020-09-28 06:00:11.000,2020-09-28 06:01:48.000,
StreetConnect,2020-09-29 06:00:07.000,2020-09-29 06:00:09.000,2020-09-29 06:01:38.000,
StreetConnect,2020-09-30 06:00:07.000,2020-09-30 06:00:08.000,2020-09-30 06:01:47.000,
StreetConnect,2020-10-01 06:00:10.000,2020-10-01 06:00:12.000,2020-10-01 06:01:38.000,
StreetConnect,2020-10-02 06:00:10.000,2020-10-02 06:00:11.000,2020-10-02 06:01:38.000,
StreetConnect,2020-10-03 06:00:07.000,2020-10-03 06:00:31.000,2020-10-03 06:05:16.000,
TimeTracker,2020-09-28 03:30:09.000,2020-09-28 03:30:27.000,2020-09-28 03:30:31.000,
TimeTracker,2020-09-28 07:48:02.000,2020-09-28 07:48:04.000,2020-09-28 07:58:18.000,
TimeTracker,2020-09-29 03:30:07.000,2020-09-29 03:30:23.000,2020-09-29 04:17:39.000,
TimeTracker,2020-09-30 03:30:10.000,2020-09-30 03:30:25.000,2020-09-30 04:24:01.000,
TimeTracker,2020-10-01 03:30:07.000,2020-10-01 03:30:18.000,2020-10-01 04:19:01.000,
TimeTracker,2020-10-02 03:30:09.000,2020-10-02 03:30:21.000,2020-10-02 04:19:09.000,
TimeTracker,2020-10-03 03:30:10.000,2020-10-03 03:30:23.000,2020-10-03 04:35:24.000,
Unconsented Bonds,2020-09-28 04:15:04.000,2020-09-28 04:15:09.000,2020-09-28 04:51:19.000,
Unconsented Bonds,2020-09-29 04:15:01.000,2020-09-29 04:15:05.000,2020-09-29 04:52:38.000,
Unconsented Bonds,2020-09-30 04:15:04.000,2020-09-30 04:15:13.000,2020-09-30 04:58:09.000,
Unconsented Bonds,2020-10-01 04:15:01.000,2020-10-01 04:15:08.000,2020-10-01 04:53:18.000,
Unconsented Bonds,2020-10-02 04:15:03.000,2020-10-02 04:15:10.000,2020-10-02 04:54:15.000,
VMIA,2020-09-28 01:00:08.000,2020-09-28 01:00:13.000,2020-09-28 01:14:46.000,
VMIA,2020-09-29 01:00:09.000,2020-09-29 01:00:12.000,2020-09-29 01:14:14.000,
VMIA,2020-09-30 01:00:08.000,2020-09-30 01:00:10.000,2020-09-30 01:14:09.000,
VMIA,2020-10-01 01:00:10.000,2020-10-01 01:00:12.000,2020-10-01 01:11:48.000,
VMIA,2020-10-02 01:00:09.000,2020-10-02 01:00:11.000,2020-10-02 01:14:19.000,
VMIA,2020-10-03 01:00:08.000,2020-10-03 01:00:29.000,2020-10-03 01:42:20.000,
